<?xml version='1.0' encoding='UTF-8' ?>
<!DOCTYPE mapper PUBLIC '-//mybatis.org//DTD Mapper 3.0//EN'
  'http://mybatis.org/dtd/mybatis-3-mapper.dtd'>

<mapper namespace="EmployeeMapper">
	<resultMap id="result" type="Employee">
		<id property="id" column="id" />
		<result property="firstname" column="first_name" />
		<result property="lastname" column="last_name" />
		<result property="gender" column="gender" />
		<result property="date" column="date" />
		<result property="age" column="age" />
		<result property="salary" column="salary" />
		<result property="state" column="state" />
		<result property="city" column="city" />
		<result property="skills" column="skills" />
		<result property="address" column="address" />
		<result property="DeptName" column="DeptName" />
	</resultMap>
	<resultMap id="result1" type="Employee">
	<result property="Fname" column="first_name" />
		<result property="Lname" column="last_name" />
	</resultMap>
	
	
	
	<select id='getAllEmployees' resultMap='result'
		resultType='Employee'>
       select * from employee
 
     </select>
     
	<delete id="deleteById" parameterType="long" >
		DELETE from employee WHERE ID = #{id}
	</delete>


	<select id="getById" parameterType="long" resultMap="result">
		SELECT * FROM Employee WHERE ID = #{id};
	</select>

	<update id="update" parameterType="Employee">
		UPDATE Employee SET first_name = #{firstname},
		last_name = #{lastname},
		gender = #{gender},
		age = #{age},
		salary = #{salary},
		DeptName = #{DeptName},
		state = #{state},
		city = #{city},
		skills = #{skills},
		address = #{address}
		WHERE ID = #{id};
	</update>

	<insert id="insert" parameterType="Employee">
		INSERT INTO Employee (first_name, last_name, gender,date, age,
		salary,DeptName,state,city,skills,address ) VALUES (#{firstname},
		#{lastname}, #{gender},#{date}, #{age},
		#{salary},#{DeptName},#{state},#{city},#{skills},#{address});

		<selectKey keyProperty="id" resultType="long" order="AFTER">
			select last_insert_id() as id
		</selectKey>

	</insert>

	<select id='getFirstLastName' resultMap='result' parameterType='Employee'>
       select first_name,last_name from employee where first_name= #{firstname}
     </select>





</mapper>